"relative_path","source_sha256","copied_sha256"
"src\qa_utils\__init__.py","5DA72D069BFDF20AC9B51458D6444AB24A8578F2BFB4D3C84C20FA3528BB818F","5DA72D069BFDF20AC9B51458D6444AB24A8578F2BFB4D3C84C20FA3528BB818F"
"src\qa_utils\cart.py","36E902127B0F63686037352BAE03C2122814604307AEDAE26D03ABD4DC31F0ED","36E902127B0F63686037352BAE03C2122814604307AEDAE26D03ABD4DC31F0ED"
"src\qa_utils\validators.py","F189CDAF2C28217361557A3383062832CEE3E7AB1340C2B55C4AFAFC9FF5D8B1","F189CDAF2C28217361557A3383062832CEE3E7AB1340C2B55C4AFAFC9FF5D8B1"
"tests\conftest.py","A0C02C831172EF4E7BB7758368D105C843B5E563030ED19CE86FB4FE18605AC8","A0C02C831172EF4E7BB7758368D105C843B5E563030ED19CE86FB4FE18605AC8"
"tests\test_cart_edge_cases.py","81DB2CB952C42541D1B9F86EC9EEB37957B55C051E4648A67D536DE39760F4BE","81DB2CB952C42541D1B9F86EC9EEB37957B55C051E4648A67D536DE39760F4BE"
"tests\test_cart.py","33D071D20E5CBE4B3B5707A48D12001B2572924A7DB8F952D8AF55C8AC6EA431","33D071D20E5CBE4B3B5707A48D12001B2572924A7DB8F952D8AF55C8AC6EA431"
"tests\test_validators.py","D43BEF0CFF74B8F1703B6E60D216873A3B2BFA031191B0539B4E79FD2FF10225","D43BEF0CFF74B8F1703B6E60D216873A3B2BFA031191B0539B4E79FD2FF10225"
"README.md","196E62A5ED80F594D22B9B374779C57B8A2378FCAFA8F88ECFCFA55BA985A868","196E62A5ED80F594D22B9B374779C57B8A2378FCAFA8F88ECFCFA55BA985A868"
"requirements.txt","93C4AB5F175D24229E46EC70A8ECAEB6DB8B36E3F54D8005808044C060ACBC92","93C4AB5F175D24229E46EC70A8ECAEB6DB8B36E3F54D8005808044C060ACBC92"
"pytest.ini","0C4E99F0214AA22B315FDF377D676D95DF8E5D23E8533797F2F16B88BA9F8676","0C4E99F0214AA22B315FDF377D676D95DF8E5D23E8533797F2F16B88BA9F8676"
".gitignore","E67C2B6DA097292CA33D066A1E744DB1DEAC32FFE63D5B602A04CBAFB59CE391","E67C2B6DA097292CA33D066A1E744DB1DEAC32FFE63D5B602A04CBAFB59CE391"
